ID,Price
10683,14564.3
10684,4230.36
10685,12892.72
10686,13282.231666666665
10687,3684.16
10688,10285.11
10689,11479.85
10690,5165.75
10691,4640.7475
10692,14753.7
10693,8512.395
10694,6459.21
10695,14647.43
10696,11678.79
10697,10289.38
10698,16694.12
10699,8915.373333333333
10700,12561.96
10701,10368.98
10702,13427.42
10703,14680.51
10704,9098.06
10705,10976.18
10706,13029.0
10707,4927.82
10708,6814.48
10709,4808.2
10710,15739.88
10711,10388.0
10712,12973.313
10713,5557.69
10714,8711.47
10715,14931.26
10716,8013.38
10717,3802.42
10718,3912.54
10719,6505.8
10720,19990.5
10721,9764.14
10722,7993.0
10723,3986.72
10724,11687.347666666667
10725,2081.06
10726,10380.376666666667
10727,7096.86
10728,4539.01
10729,17867.0225
10730,3517.34
10731,12627.08
10732,8730.91
10733,12461.23
10734,8640.91
10735,14139.02
10736,17798.99
10737,3597.0
10738,7229.0
10739,6617.76
10740,7922.55
10741,5384.59
10742,8731.19
10743,9359.085166666666
10744,10267.17
10745,5958.19
10746,6800.18
10747,8123.75
10748,4308.7
10749,5705.04
10750,11551.18
10751,3969.21
10752,7049.92
10753,2757.46
10754,12355.68
10755,10024.27
10756,6644.05
10757,4519.42
10758,4535.8
10759,3542.54
10760,15526.436666666665
10761,8032.009333333333
10762,14289.0
10763,3475.68
10764,8889.98
10765,7033.57
10766,4500.48
10767,9447.36
10768,8203.99
10769,3625.44
10770,12850.1
10771,4047.76
10772,13941.16
10773,8685.76
10774,10615.38
10775,6141.59
10776,9973.34
10777,3209.33
10778,3127.0
10779,10271.45
10780,15031.75
10781,2185.64
10782,10515.85
10783,11576.13
10784,8924.985
10785,19650.12
10786,9504.245166666666
10787,4674.57
10788,13200.09
10789,2313.43
10790,17614.17
10791,8437.87
10792,9381.901666666667
10793,15635.994166666667
10794,15557.84
10795,3875.9
10796,5708.61
10797,9875.89
10798,13526.68
10799,12417.78
10800,5175.39
10801,16718.22
10802,8877.99
10803,10980.71
10804,11015.39
10805,4937.23
10806,7221.36
10807,4939.35
10808,12466.47
10809,5339.21
10810,5587.46
10811,6572.81
10812,4384.45
10813,13057.33
10814,5427.88
10815,6740.41
10816,4808.2
10817,5498.04
10818,10443.38
10819,12046.92
10820,3893.14
10821,5729.0
10822,8152.37
10823,20064.44
10824,13762.21
10825,16195.9025
10826,10734.23
10827,7058.91
10828,7521.59
10829,4173.31
10830,5909.14
10831,8960.66
10832,9279.851428571428
10833,14691.51
10834,12107.95
10835,13468.656166666668
10836,7244.98
10837,3845.11
10838,3930.24
10839,4780.91
10840,4829.68
10841,9739.09
10842,2627.48
10843,7229.0
10844,8063.235833333332
10845,4903.16
10846,3735.41
10847,4473.06
10848,7535.19
10849,10416.45
10850,3935.11
10851,6260.86
10852,6688.28
10853,13176.41
10854,14386.06
10855,7569.565833333334
10856,3724.21
10857,11104.7
10858,4102.86
10859,4741.85
10860,12794.39
10861,7938.385
10862,8908.63
10863,9026.11
10864,3023.0
10865,3873.0
10866,16728.03
10867,14157.01
10868,11893.73
10869,12426.34
10870,12818.94
10871,6648.43
10872,3835.8
10873,13287.184
10874,12512.82
10875,2220.42
10876,8141.123333333333
10877,10476.7
10878,4350.17
10879,11107.371666666666
10880,8389.51
10881,7229.0
10882,8802.14
10883,12498.07
10884,14682.88
10885,11086.193095238095
10886,3597.0
10887,6504.52
10888,3670.96
10889,7394.78
10890,13200.816
10891,11730.888333333334
10892,9661.28
10893,5473.57
10894,10488.59
10895,12695.1
10896,5512.83
10897,20972.87
10898,8993.14
10899,10636.82
10900,12069.67
10901,13461.8
10902,20275.38
10903,4143.44
10904,5983.03
10905,12695.05
10906,3599.87
10907,5241.4825
10908,9116.030833333334
10909,4339.2
10910,2818.0
10911,5993.48
10912,13317.88
10913,10782.38
10914,10301.68
10915,6008.68
10916,28457.65
10917,4128.85
10918,7557.18
10919,18620.78
10920,4760.425
10921,11311.923333333334
10922,6164.83
10923,12789.72
10924,12411.145
10925,13398.7675
10926,4873.1
10927,17003.31
10928,15161.75
10929,10705.31
10930,5367.01
10931,9176.482333333333
10932,6863.32
10933,18808.516666666666
10934,10524.55
10935,13261.13
10936,8078.41
10937,8519.57
10938,10955.6
10939,10187.97
10940,5806.62
10941,14117.29
10942,11218.59
10943,14609.2
10944,2981.59
10945,4841.37
10946,14042.76
10947,6493.26
10948,6285.503333333332
10949,15199.07
10950,3943.84
10951,14715.51
10952,14473.253999999999
10953,15235.82
10954,12732.66
10955,4642.75
10956,6624.43
10957,8470.93
10958,3623.54
10959,8100.48
10960,9784.46
10961,10727.6
10962,7403.073333333334
10963,6582.47
10964,14469.02
10965,23706.89
10966,8513.84
10967,6813.29
10968,4226.48
10969,7010.69
10970,7302.693333333334
10971,5488.46
10972,8223.46
10973,15397.38
10974,12268.75
10975,9156.43
10976,8216.85
10977,13200.816
10978,12344.92
10979,11406.68
10980,14319.43
10981,12685.54
10982,9774.395
10983,4875.09
10984,5105.68
10985,7281.764
10986,9834.116833333332
10987,10912.79
10988,7006.07
10989,13470.43
10990,2238.74
10991,9099.3
10992,4954.01
10993,5151.72
10994,10271.453333333333
10995,14426.335833333333
10996,10425.17
10997,7160.641428571428
10998,9364.682666666666
10999,6041.23
11000,10699.49
11001,10508.36
11002,8650.95
11003,13655.12
11004,4793.83
11005,6951.78
11006,10451.473666666665
11007,12542.7525
11008,3706.25
11009,10265.15
11010,11928.9
11011,7517.78
11012,12378.093333333332
11013,7229.0
11014,5443.16
11015,2474.31
11016,4065.377333333333
11017,6118.43
11018,4506.52
11019,15194.448333333336
11020,8997.4
11021,5487.96
11022,12370.20144047619
11023,4291.63
11024,11705.49
11025,14714.91
11026,3100.0
11027,12885.225
11028,4891.3
11029,10874.8
11030,4591.77
11031,9832.73
11032,15675.52
11033,15079.5275
11034,8628.11
11035,9370.526333333333
11036,13923.33
11037,10158.79
11038,6569.62
11039,26838.28
11040,11090.47
11041,5959.86
11042,9902.92
11043,5194.6
11044,5371.67
11045,2531.8
11046,12865.4
11047,9241.31
11048,8964.388
11049,6788.14
11050,10562.32
11051,7237.11
11052,8865.84
11053,4338.81
11054,7267.18
11055,3405.27
11056,4159.45
11057,10937.31
11058,7514.76
11059,12881.758333333335
11060,13937.67
11061,7378.95
11062,6305.54
11063,5321.0
11064,13576.78
11065,13059.62
11066,4861.805833333334
11067,5841.4
11068,12224.163333333332
11069,5497.34
11070,3839.1
11071,4862.51
11072,13759.81
11073,10737.47
11074,10606.815
11075,3493.69
11076,6517.401666666667
11077,13811.49
11078,6441.49
11079,7523.77
11080,6234.660833333332
11081,23343.1
11082,4239.13
11083,9137.23
11084,3820.52
11085,12743.53
11086,4391.76
11087,10580.91
11088,10407.68
11089,4804.0
11090,9075.675
11091,21721.25
11092,8539.07
11093,9505.73
11094,3859.48
11095,13858.92
11096,14421.25
11097,10873.73
11098,4703.56
11099,13678.56
11100,10398.82
11101,10975.71
11102,7023.08
11103,15905.55
11104,3525.96
11105,6505.43
11106,11341.84
11107,15948.5
11108,3236.25
11109,6927.18
11110,4997.4
11111,6101.51
11112,13705.02
11113,13028.44
11114,10273.74
11115,5725.24
11116,3654.16
11117,4484.38
11118,8705.26
11119,4262.41
11120,10292.46
11121,10275.54
11122,9829.176666666666
11123,11753.65
11124,11646.9
11125,13345.85
11126,3597.0
11127,8184.78
11128,8066.53
11129,13088.54
11130,3870.52
11131,15696.46
11132,11126.15
11133,7112.04
11134,14127.06
11135,5371.77
11136,8679.7
11137,16275.63
11138,7859.17
11139,3669.48
11140,14464.14
11141,6602.53
11142,9744.84
11143,15142.4
11144,13074.735
11145,14129.48
11146,11873.772190476191
11147,5834.19
11148,13047.01
11149,8364.97
11150,9620.45
11151,5890.37
11152,11569.9325
11153,8761.08
11154,9701.87
11155,4526.0
11156,14862.48
11157,15293.619166666667
11158,6111.96
11159,5284.69
11160,5033.88
11161,7044.26
11162,12142.2
11163,7824.858
11164,13410.24
11165,5954.29
11166,11550.34
11167,13014.8175
11168,18928.47
11169,14609.48
11170,6520.01
11171,12279.12
11172,12427.39
11173,7869.895
11174,12614.76
11175,10799.02
11176,10280.02
11177,3602.22
11178,4176.55
11179,15503.8725
11180,10816.35
11181,7265.08
11182,10621.88
11183,5506.19
11184,15445.1725
11185,7082.51
11186,12247.56
11187,3850.0
11188,9751.0
11189,10270.42
11190,10892.96
11191,4305.9
11192,7860.82
11193,9260.49
11194,8908.31
11195,4745.675
11196,3863.26
11197,16231.2425
11198,7186.19
11199,6706.33
11200,6393.9
11201,4812.4
11202,3881.51
11203,6735.93
11204,15897.24
11205,6779.88
11206,15268.64
11207,13080.902666666669
11208,10841.37
11209,2539.17
11210,9186.91
11211,7979.52
11212,2155.2
11213,6583.72
11214,18502.8425
11215,6463.72
11216,10873.82
11217,4702.22
11218,10344.29
11219,11013.09
11220,14075.52
11221,3874.62
11222,6329.156833333334
11223,5912.96
11224,5311.14
11225,7857.17
11226,2227.0
11227,17032.435
11228,14390.32
11229,4851.71
11230,7671.86
11231,10567.09
11232,4154.99
11233,8008.27
11234,9574.335
11235,5469.762380952381
11236,8310.7
11237,11856.17
11238,7044.295999999999
11239,2290.49
11240,2716.84
11241,4016.36
11242,3972.98
11243,12373.0
11244,8546.66
11245,6759.23
11246,13453.1
11247,6915.565
11248,8580.23
11249,13567.45
11250,7236.87
11251,9133.76
11252,8079.0
11253,14954.896666666666
11254,6678.96
11255,8314.49
11256,17119.87
11257,13174.2
11258,7866.73
11259,11579.15
11260,10870.91
11261,7097.91
11262,7517.06
11263,6133.115
11264,12842.325
11265,14772.6
11266,10976.27
11267,6025.02
11268,14639.32
11269,7822.3
11270,3265.63
11271,7281.573
11272,4952.38
11273,5398.3994999999995
11274,9265.27
11275,5678.0
11276,9521.846738095239
11277,8348.77
11278,8036.82
11279,13349.44
11280,5937.01
11281,6535.17
11282,9584.88
11283,8921.77
11284,8643.39
11285,14776.75
11286,4796.98
11287,6542.64
11288,15902.75
11289,7308.35
11290,14375.12
11291,6296.62
11292,6600.323333333334
11293,10396.52
11294,5511.46
11295,14944.91
11296,14695.03
11297,5075.21
11298,4241.67
11299,6894.23
11300,5678.0
11301,14135.16
11302,13199.77
11303,13752.48
11304,6018.19
11305,12995.35
11306,5621.74
11307,27436.23
11308,15692.04
11309,8815.68
11310,3004.36
11311,8980.59
11312,2450.53
11313,3904.27
11314,4763.87
11315,11932.07
11316,12600.9
11317,8139.51
11318,13162.247666666666
11319,4804.0
11320,16708.82
11321,7202.3
11322,6892.87
11323,14493.525
11324,6458.31
11325,8056.088333333334
11326,4226.0
11327,12890.47
11328,9936.236428571428
11329,3636.3
11330,16886.39
11331,10307.006380952382
11332,6569.5795
11333,8984.95
11334,12110.3875
11335,6480.59
11336,4238.2
11337,4444.17
11338,10282.27
11339,4318.59
11340,15259.32
11341,8504.17
11342,7902.67
11343,10714.85
11344,4781.26
11345,16798.08
11346,5612.08
11347,10903.72
11348,3916.01
11349,7191.91
11350,13713.84
11351,7331.61
11352,4183.75
11353,11996.975
11354,5833.74
11355,6747.92
11356,9250.750833333332
11357,9012.78
11358,13389.92
11359,6563.735
11360,13877.32
11361,4808.2
11362,9840.075
11363,10657.52
11364,7463.65
11365,4991.48
11366,11111.375
11367,4852.16
11368,6793.31
11369,7913.68
11370,5431.01
11371,7896.05
11372,8037.82
11373,4850.2
11374,17377.33
11375,7190.89
11376,4145.8
11377,10661.38
11378,11978.48
11379,6240.84
11380,8499.62
11381,12130.29
11382,6739.23
11383,8496.71
11384,5223.37
11385,7428.7
11386,8248.8
11387,7528.013333333333
11388,9151.69
11389,10830.78
11390,6413.35
11391,6370.57
11392,29052.47
11393,14697.44
11394,4498.69
11395,10647.36
11396,14852.23
11397,7735.99
11398,4319.12
11399,13412.265
11400,13442.55
11401,10844.0
11402,18559.085
11403,8105.21
11404,8474.74
11405,10029.5
11406,8431.69
11407,14276.43
11408,11629.187333333333
11409,5199.01
11410,10432.11
11411,6253.83
11412,10565.34
11413,4665.18
11414,8824.69
11415,3557.08
11416,6299.59
11417,12731.4
11418,12364.34
11419,9637.635
11420,7911.84
11421,3849.11
11422,3676.05
11423,10831.25
11424,15198.75
11425,14574.15
11426,14227.62
11427,6603.6
11428,6563.38
11429,5289.52
11430,25055.12
11431,11954.29
11432,4191.62
11433,10339.371666666666
11434,6126.97
11435,8071.13
11436,13364.116666666665
11437,6573.5
11438,8482.9575
11439,12824.79
11440,8059.953333333334
11441,6731.11
11442,3907.71
11443,7307.935833333333
11444,15231.97
11445,5292.0
11446,6729.55
11447,4833.27
11448,9661.59
11449,7738.69
11450,3643.56
11451,10385.094666666666
11452,3105.25
11453,8013.03
11454,7553.33
11455,11187.69
11456,4916.52
11457,13520.7
11458,4338.57
11459,10011.7
11460,3928.51
11461,14262.25
11462,4695.3
11463,11835.956666666665
11464,8776.18
11465,10797.83
11466,5786.71
11467,8433.555
11468,14917.64
11469,13931.583
11470,6061.45
11471,15540.64
11472,13731.8
11473,15603.1
11474,7236.87
11475,4660.4
11476,14433.96
11477,10385.094666666666
11478,5760.4
11479,13445.71
11480,3124.11
11481,6743.22
11482,4810.41
11483,6774.184
11484,15942.185
11485,8284.44
11486,10437.62
11487,10834.81
11488,13696.84
11489,17140.36
11490,3599.61
11491,9234.57
11492,12342.045
11493,10304.29
11494,10059.65
11495,6831.74
11496,10342.053333333333
11497,7283.19
11498,10297.278333333334
11499,7790.42
11500,9923.38
11501,5296.27
11502,11141.79
11503,7772.8
11504,6363.71
11505,14436.53
11506,14550.97
11507,12903.66
11508,6744.09
11509,3841.0
11510,3946.01
11511,4152.748023809524
11512,11792.135
11513,9116.52
11514,13847.34
11515,12898.0
11516,11637.84
11517,13752.42
11518,11854.456666666665
11519,3111.78
11520,8212.13
11521,10445.79
11522,8042.16
11523,7229.0
11524,3860.22
11525,4823.0
11526,4162.0
11527,14338.741333333333
11528,13332.783333333335
11529,7462.011666666666
11530,6358.98
11531,8323.97
11532,6251.076666666668
11533,8958.968333333334
11534,11016.02
11535,8066.98
11536,5927.9
11537,8753.22
11538,4643.31
11539,13375.43
11540,5163.95
11541,4816.6
11542,4846.05
11543,12904.88
11544,10624.25
11545,12165.93
11546,12349.53
11547,10038.635
11548,11736.97
11549,3597.0
11550,15936.37
11551,8451.3
11552,4403.79
11553,5558.13
11554,10789.2
11555,15640.3225
11556,10566.495
11557,3837.29
11558,16056.76
11559,9241.46
11560,12766.9025
11561,3980.85
11562,8405.949999999999
11563,20656.15
11564,3943.23
11565,4378.59
11566,7244.98
11567,15735.9
11568,7354.69
11569,7184.04
11570,4450.6
11571,13826.29
11572,8803.38
11573,3994.71
11574,3977.67
11575,7979.74
11576,4818.39
11577,3987.7
11578,8415.35
11579,10364.77
11580,7070.88
11581,6998.98
11582,10258.61
11583,3692.75
11584,7761.65
11585,12591.2775
11586,15234.875
11587,10089.41
11588,12994.96
11589,4272.72
11590,19874.77
11591,3308.33
11592,6234.660833333332
11593,15007.993333333336
11594,12080.053333333333
11595,5903.17
11596,3985.44
11597,8733.8
11598,15622.4325
11599,9974.37
11600,10328.808
11601,3665.52
11602,8204.5
11603,7395.955
11604,14233.48
11605,4380.55
11606,4966.024166666667
11607,7419.03
11608,13657.963333333335
11609,8884.54
11610,14701.54
11611,5235.04
11612,15257.78
11613,5032.75
11614,14014.36
11615,3604.18
11616,7278.998333333334
11617,9337.646666666666
11618,7930.66
11619,5156.742666666667
11620,13173.83
11621,6046.23
11622,9672.3
11623,10989.27
11624,4245.86
11625,3540.44
11626,15401.98
11627,5858.72
11628,5427.91
11629,4521.78
11630,12479.606666666667
11631,10470.72
11632,4487.38
11633,13801.7875
11634,4391.31
11635,5989.35
11636,14563.67
11637,27673.04
11638,3631.33
11639,8729.366666666667
11640,4918.95
11641,11185.9
11642,12383.59
11643,14523.75
11644,11082.2
11645,8016.38
11646,14958.86
11647,5589.9
11648,11944.24
11649,12447.9575
11650,4391.25
11651,14788.03
11652,7899.87
11653,5283.37
11654,10242.233333333332
11655,4688.37
11656,3268.0
11657,12732.66
11658,8509.74
11659,3552.71
11660,15166.13
11661,5663.01
11662,14591.43
11663,13890.55
11664,4875.19
11665,7366.8
11666,8706.0
11667,4572.05
11668,8910.27
11669,4298.11
11670,9944.85
11671,12574.61
11672,3474.46
11673,8016.0
11674,5354.96
11675,11074.276666666665
11676,3878.73
11677,20155.12
11678,5469.329166666666
11679,3846.4
11680,7365.83
11681,5616.275500000001
11682,10219.57
11683,3949.04
11684,13696.421999999999
11685,3840.62
11686,5607.68
11687,16660.95
11688,13338.55
11689,11573.74
11690,13756.32
11691,8449.945
11692,4364.46
11693,7992.62
11694,15257.78
11695,8291.08
11696,9508.59
11697,7653.33
11698,13880.66
11699,10076.94
11700,13453.976666666666
11701,5445.88
11702,7100.01
11703,7236.92
11704,3869.23
11705,14282.84
11706,9450.79
11707,5128.88
11708,10972.41
11709,6349.986166666667
11710,4806.48
11711,5864.77
11712,7229.0
11713,4688.76
11714,10014.54
11715,13420.318000000001
11716,8184.78
11717,15386.536666666667
11718,10262.0
11719,7847.575
11720,12845.9775
11721,4756.38
11722,15519.48
11723,4324.69
11724,10269.63
11725,15340.2
11726,7724.13
11727,6251.076666666668
11728,4061.26
11729,5393.81
11730,6428.02
11731,6498.59
11732,1966.04
11733,5394.74
11734,2070.84
11735,6388.15
11736,1928.25
11737,10372.99
11738,4848.27
11739,12970.54
11740,15129.48
11741,13075.69
11742,8466.481809523808
11743,6278.0
11744,4099.91
11745,10398.23
11746,14934.84
11747,14661.67
11748,4659.79
11749,6721.585
11750,5869.1
11751,8878.79
11752,4582.69
11753,8917.92
11754,9215.62
11755,8581.42
11756,7614.84
11757,6598.7
11758,7064.0
11759,7028.765
11760,10839.09
11761,4117.54
11762,14687.19
11763,16573.64
11764,4531.84
11765,10405.79375
11766,14728.7
11767,8016.0
11768,12781.93
11769,13086.78
11770,19263.44
11771,10247.34
11772,11751.49
11773,13291.54
11774,15957.175833333335
11775,4796.13
11776,15591.18
11777,10432.17
11778,8394.78
11779,8016.0
11780,8063.71
11781,6229.42
11782,4287.2
11783,12931.818000000001
11784,7520.7
11785,5625.44
11786,3879.03
11787,6779.48
11788,10685.16
11789,7845.86
11790,20654.77
11791,14496.54
11792,6013.73
11793,9792.76
11794,5379.69
11795,4820.8
11796,7959.27
11797,8642.03
11798,10864.28
11799,6573.93
11800,10391.625
11801,12255.8
11802,5163.19
11803,18842.59
11804,4191.72
11805,13669.345
11806,5961.44
11807,4841.37
11808,14224.24
11809,3887.07
11810,13969.69
11811,5880.32
11812,4667.0
11813,12891.966333333334
11814,9163.44
11815,6722.1
11816,9631.631666666668
11817,5753.512
11818,8064.47
11819,8486.71
11820,9685.8725
11821,6600.74
11822,3093.83
11823,20825.22
11824,11606.97
11825,6238.4366666666665
11826,10265.15
11827,3102.42
11828,6557.32
11829,2810.92
11830,2578.46
11831,21040.33
11832,14899.11
11833,4804.0
11834,4851.35
11835,3878.5
11836,9917.86
11837,13627.82
11838,2174.88
11839,14408.96
11840,2273.78
11841,14364.75
11842,3832.65
11843,4446.52
11844,4787.59
11845,12982.1
11846,22073.26
11847,7660.72
11848,4833.58
11849,8159.8
11850,25264.6
11851,3099.71
11852,3597.26
11853,4823.0
11854,4770.69
11855,13027.403571428573
11856,8264.04
11857,12159.414166666667
11858,12352.38
11859,10148.568333333335
11860,11982.0
11861,6553.84
11862,15532.338333333335
11863,29077.74
11864,8924.26
11865,10594.982
11866,7265.6
11867,11004.02
11868,12455.08
11869,10428.3
11870,3597.0
11871,3540.14
11872,5796.1
11873,12267.25
11874,16381.53
11875,4261.143333333333
11876,5803.32
11877,10560.65
11878,4045.26
11879,9729.01
11880,13875.97
11881,4201.3
11882,2198.68
11883,17302.791666666664
11884,7089.24
11885,6278.18
11886,9575.760666666667
11887,13431.89
11888,13493.1
11889,8965.1
11890,12548.54
11891,4911.6
11892,14267.06
11893,4862.75
11894,10527.88
11895,3111.37
11896,8445.59
11897,13151.93433333333
11898,5382.83
11899,11982.115
11900,4254.52
11901,14643.93
11902,7153.89
11903,9066.73
11904,6783.35
11905,4147.55
11906,8877.140833333333
11907,8869.675
11908,12980.98
11909,5342.41
11910,9135.698333333334
11911,12114.715333333334
11912,15873.5
11913,12375.225
11914,17498.77
11915,4103.05
11916,13080.902666666669
11917,18935.41
11918,7939.262666666666
11919,13181.02
11920,14701.54
11921,7420.49
11922,13253.2
11923,5475.83
11924,9416.99
11925,7399.761666666666
11926,11083.15
11927,10226.98
11928,8422.0
11929,9427.42
11930,3846.1
11931,4390.505
11932,8344.57
11933,9683.586666666668
11934,10495.28
11935,13344.92
11936,9620.45
11937,13336.193333333335
11938,8261.105
11939,12877.09
11940,14575.545
11941,4697.81
11942,5781.57
11943,10839.958333333332
11944,12577.81
11945,14018.51
11946,10258.43
11947,7229.0
11948,10852.48
11949,15192.5625
11950,9847.31
11951,13175.82
11952,14519.84
11953,13632.1
11954,14008.1125
11955,10290.36
11956,10898.932166666666
11957,5966.76
11958,10330.3
11959,11722.67
11960,6444.4
11961,7873.0
11962,11991.18
11963,7286.37
11964,8977.88
11965,6644.37
11966,4883.79
11967,8010.96
11968,6199.11
11969,3635.13
11970,17284.34
11971,12960.94
11972,6994.114000000001
11973,12613.67
11974,1979.16
11975,12898.0
11976,10409.6525
11977,15084.32
11978,6405.69
11979,6050.19
11980,14739.97
11981,4793.86
11982,9018.91
11983,2395.75
11984,14384.05
11985,9687.66
11986,10712.55
11987,13219.045
11988,15144.8
11989,5093.18
11990,15332.765833333337
11991,7891.04
11992,10395.47
11993,9075.230000000001
11994,9686.55
11995,11797.38
11996,10578.050583333334
11997,7176.22
11998,4707.51
11999,3648.13
12000,13486.06
12001,13852.35
12002,8310.4575
12003,10114.96
12004,4904.25
12005,6458.69
12006,4324.46
12007,5240.51
12008,13920.87
12009,3964.44
12010,13759.28
12011,6720.12
12012,4917.05
12013,5130.71
12014,14235.18
12015,10398.64
12016,5364.6
12017,8647.16
12018,11561.78
12019,9295.86
12020,13397.321666666667
12021,14690.7
12022,11492.1775
12023,8235.99
12024,10377.4
12025,13882.722
12026,5678.0
12027,5290.44
12028,10459.94
12029,14025.06
12030,16788.44
12031,11618.83
12032,13760.14
12033,11067.47
12034,15981.73
12035,12177.34
12036,7044.41
12037,10137.71
12038,10945.8
12039,3543.0
12040,6722.765
12041,4598.81
12042,6754.75
12043,10709.46
12044,3654.86
12045,13571.18
12046,7898.28
12047,14172.42
12048,13512.96
12049,2920.22
12050,12371.0725
12051,8801.75
12052,12848.62
12053,11893.034
12054,7393.54
12055,4401.73
12056,8763.313333333334
12057,6765.49
12058,11961.56
12059,13427.77
12060,14697.66
12061,9229.4425
12062,9699.243333333334
12063,13285.05
12064,11405.285
12065,4538.73
12066,5684.25
12067,12505.83
12068,6401.0
12069,6659.56
12070,9131.29
12071,3969.54
12072,13723.9
12073,4936.3
12074,3550.1
12075,7404.71
12076,6649.68
12077,14109.02
12078,7229.0
12079,8951.61
12080,6370.71
12081,3420.12
12082,7489.73
12083,5416.95
12084,2059.48
12085,4850.2
12086,7784.34
12087,9796.03
12088,4374.9
12089,5665.48
12090,2793.56
12091,15870.99
12092,3613.03
12093,13109.636999999999
12094,4106.68
12095,12055.25
12096,7229.0
12097,8318.99
12098,12141.546666666665
12099,16248.48
12100,17353.8
12101,26451.44
12102,10717.88
12103,13822.09
12104,10831.13
12105,11434.379333333334
12106,4801.8
12107,10757.65
12108,6976.78
12109,15780.149166666664
12110,3105.25
12111,5384.08
12112,4822.62
12113,10471.09
12114,9734.179999999998
12115,11486.404166666665
12116,13956.58
12117,15435.25
12118,8108.67
12119,14136.91
12120,5432.8
12121,4791.183857142859
12122,7863.51
12123,7663.28
12124,3874.05
12125,13546.87
12126,13899.69
12127,3535.41
12128,5816.87
12129,4204.32
12130,5051.98
12131,7672.02
12132,13801.83
12133,6001.72
12134,10263.57
12135,4829.68
12136,3597.0
12137,12711.15
12138,6456.07
12139,13888.05
12140,11608.07
12141,13951.39
12142,10527.8025
12143,9839.4075
12144,17161.0
12145,10411.37
12146,6087.23
12147,4012.83
12148,5284.11
12149,4442.11
12150,4749.52
12151,12123.9625
12152,18879.22
12153,17302.415
12154,11061.99
12155,11069.33
12156,8712.785
12157,12967.8
12158,4328.52
12159,4354.13
12160,4183.47
12161,10270.055
12162,13043.4
12163,8440.35
12164,6120.65
12165,14477.07
12166,14014.51
12167,10699.8
12168,4684.8
12169,3987.22
12170,7545.063333333333
12171,10265.15
12172,7637.11
12173,16514.955
12174,7343.03
12175,7392.12
12176,5647.08
12177,13115.34
12178,2818.82
12179,9765.08
12180,3758.23
12181,15100.725
12182,8608.15
12183,26907.22
12184,14299.13
12185,4129.76
12186,14063.536666666665
12187,10527.8025
12188,14556.3
12189,3876.01
12190,12051.0775
12191,17479.77
12192,4333.57
12193,6764.46
12194,14132.643
12195,11067.47
12196,7479.41
12197,4281.14
12198,15019.14
12199,16599.51
12200,10672.35
12201,10741.23
12202,3887.44
12203,4990.44
12204,3818.37
12205,3873.0
12206,4822.81
12207,12386.12
12208,11556.14
12209,4339.54
12210,18685.516666666666
12211,4190.95
12212,10311.28
12213,4571.57
12214,4217.17
12215,9964.76
12216,4404.22
12217,6437.42
12218,4901.34
12219,14569.23
12220,10955.6
12221,8939.74
12222,14940.36
12223,8021.25
12224,5615.13
12225,12146.47
12226,5212.51
12227,6408.315
12228,13977.02
12229,9800.483333333332
12230,14114.37
12231,7900.14
12232,6464.3
12233,13550.15
12234,8061.295
12235,7757.661666666666
12236,10208.89
12237,10835.394666666667
12238,11860.605
12239,17156.54
12240,13682.06
12241,15252.27
12242,14299.49
12243,15239.785
12244,15078.92
12245,4828.01
12246,10672.21
12247,7600.37
12248,7751.3
12249,5678.0
12250,8828.686666666668
12251,7334.86
12252,9632.6625
12253,13805.26
12254,3852.5
12255,2598.0
12256,13080.39
12257,8933.98
12258,5953.43
12259,5811.63
12260,11088.58
12261,6155.84
12262,11436.481666666667
12263,4336.65
12264,13324.7
12265,13050.053333333335
12266,10618.37
12267,12899.08
12268,13664.55
12269,13895.1
12270,4466.2025
12271,2553.68
12272,3669.07
12273,6412.914166666667
12274,6890.130666666667
12275,14633.82
12276,19207.37
12277,3990.78
12278,10350.2
12279,8384.595333333333
12280,9466.87
12281,14747.14
12282,9491.16
12283,3873.34
12284,4226.17
12285,14957.84
12286,13241.15
12287,7576.31
12288,8004.77
12289,6156.21
12290,6893.68
12291,8431.715833333334
12292,10783.35
12293,11040.79
12294,4346.38
12295,8369.12
12296,3845.78
12297,9660.41
12298,2509.83
12299,4494.39
12300,6423.6916666666675
12301,4824.72
12302,7192.25
12303,12057.594666666668
12304,7201.965
12305,29854.15
12306,13027.9
12307,2570.0
12308,3791.09
12309,9148.23
12310,7034.0
12311,13947.7
12312,12270.36
12313,9938.73
12314,14206.015833333333
12315,12060.97
12316,13597.79
12317,12157.228333333333
12318,9600.52
12319,12373.0
12320,9993.353333333333
12321,4184.57
12322,10630.646666666667
12323,25762.3
12324,4848.05
12325,4835.25
12326,15422.05
12327,3602.74
12328,15501.73
12329,5346.7
12330,4149.94
12331,9759.84
12332,10801.17
12333,5486.51
12334,4156.89
12335,11401.82
12336,5126.44
12337,7229.0
12338,13931.4
12339,5354.629412698413
12340,3841.32
12341,17667.13
12342,14036.25
12343,8321.277416666664
12344,13601.24
12345,11723.225
12346,4985.55
12347,10941.708571428573
12348,8042.52
12349,3986.84
12350,7066.12
12351,14319.31
12352,15987.74
12353,4158.22
12354,5497.78
12355,12192.8
12356,10144.36
12357,4820.8
12358,12819.57
12359,13632.465
12360,10918.517333333333
12361,11087.0
12362,6194.79
12363,5343.45
12364,4165.72
12365,12284.380119047615
12366,14778.9
12367,8944.69
12368,9283.56
12369,13931.583
12370,5637.664000000001
12371,7292.44
12372,10585.95
12373,13097.01
12374,4374.76
12375,13494.78
12376,12546.52
12377,12814.7
12378,6598.95
12379,2017.0
12380,5153.66
12381,18097.8
12382,4300.82
12383,15052.38
12384,7421.728333333333
12385,4603.54
12386,14001.91
12387,6636.11
12388,3222.37
12389,13914.16
12390,13265.91
12391,13228.719698412699
12392,10759.942
12393,8556.014333333333
12394,8601.01
12395,16921.3
12396,6414.11
12397,7236.87
12398,13821.85
12399,8457.11
12400,2674.64
12401,10840.54
12402,7229.0
12403,3597.0
12404,2034.34
12405,10975.86
12406,15172.8935
12407,14770.5
12408,14498.55
12409,10404.2
12410,10142.74
12411,18957.36
12412,6724.46
12413,6109.01
12414,9542.85
12415,2227.0
12416,14334.82
12417,8877.08
12418,15630.46
12419,9736.67
12420,10316.84
12421,17068.35
12422,2773.84
12423,9997.214166666667
12424,14868.14
12425,6679.93
12426,13036.06
12427,13950.545
12428,2017.0
12429,5866.77
12430,13817.0
12431,4891.67
12432,15178.125
12433,9790.9
12434,8936.11
12435,8013.03
12436,15192.5625
12437,4225.78
12438,8699.09
12439,14764.655
12440,3320.15
12441,6647.63
12442,12353.38
12443,14965.11
12444,6200.55
12445,7116.47
12446,6567.66
12447,13045.38
12448,7229.0
12449,4174.0
12450,8968.69
12451,5678.0
12452,4815.87
12453,8017.33
12454,17658.69
12455,6250.03
12456,4241.55
12457,4149.56
12458,14558.23
12459,4879.41
12460,6799.36
12461,4409.22
12462,7229.0
12463,3057.12
12464,10759.768
12465,8016.24
12466,11492.1775
12467,4820.08
12468,12462.0
12469,4181.91
12470,6559.59
12471,10343.9
12472,7947.4775
12473,4737.95
12474,4816.6
12475,13478.18
12476,7055.97
12477,10411.225
12478,14691.51
12479,4299.62
12480,14775.77
12481,13036.385
12482,4818.73
12483,2004.86
12484,4824.67
12485,62478.05
12486,3203.06
12487,10924.469
12488,10355.41
12489,13025.12
12490,8565.0
12491,3555.61
12492,15497.23
12493,6497.28
12494,8088.285
12495,13608.19
12496,12392.68
12497,3818.82
12498,11034.92
12499,12051.87
12500,12213.844666666668
12501,6058.89
12502,12095.735
12503,4594.368166666666
12504,3597.0
12505,13771.04
12506,4482.22
12507,8635.5625
12508,12475.63
12509,7057.583333333334
12510,4322.06
12511,5545.28
12512,7857.17
12513,13485.775
12514,14776.8
12515,5385.34
12516,3923.55
12517,11061.99
12518,7814.77
12519,13786.45
12520,5285.44
12521,10719.57
12522,15917.946000000002
12523,6847.57
12524,8338.1075
12525,7852.153333333334
12526,5621.343333333332
12527,5850.37
12528,8338.83
12529,17220.05
12530,14538.73
12531,14771.82
12532,13501.72
12533,13518.77
12534,11894.25
12535,11441.965
12536,4884.25
12537,8016.0
12538,5609.6
12539,3158.26
12540,3046.31
12541,8733.686166666666
12542,15657.26
12543,12981.58
12544,15298.04
12545,6359.52
12546,10634.23
12547,11329.4575
12548,3537.28
12549,8160.79
12550,13363.6
12551,13801.67
12552,8136.228916666667
12553,5460.93
12554,8667.248333333333
12555,4844.38
12556,6460.19
12557,4525.84
12558,3685.86
12559,10782.38
12560,15200.645
12561,11802.774
12562,16287.05
12563,14842.67
12564,4341.92
12565,2034.41
12566,4269.55
12567,6243.91
12568,2878.75
12569,8313.83
12570,2280.57
12571,11988.25
12572,11922.256666666664
12573,9024.63
12574,10177.675
12575,12262.56
12576,7965.0525
12577,10262.0
12578,7791.38
12579,12269.515
12580,13583.08
12581,8618.18
12582,10268.57
12583,3971.14
12584,5166.11
12585,10300.41
12586,8874.3275
12587,13602.72
12588,13997.86
12589,5200.49
12590,4135.41
12591,6350.09
12592,2268.3
12593,27681.17
12594,14276.1
12595,4276.15
12596,14747.94
12597,12831.82
12598,5700.79
12599,14586.59
12600,6492.6
12601,12140.43
12602,3847.3
12603,9838.87
12604,13304.45
12605,5102.18
12606,6806.39
12607,8432.97
12608,10348.32
12609,13813.28
12610,5783.65
12611,4224.85
12612,12945.907476190478
12613,11711.33
12614,3112.07
12615,8658.12
12616,6204.46
12617,5718.98
12618,12595.8
12619,4832.78
12620,10065.59
12621,7109.65
12622,4157.88
12623,14010.54
12624,12652.01
12625,10144.26
12626,10637.05
12627,5819.25
12628,17211.913333333334
12629,5340.35
12630,6793.757333333334
12631,8016.38
12632,8075.51
12633,5656.24
12634,12403.71
12635,11766.94
12636,8923.372
12637,9952.55
12638,15129.0
12639,11039.18
12640,14420.72
12641,9548.52
12642,15471.47
12643,7229.0
12644,10378.43
12645,11434.379333333334
12646,6166.7
12647,4791.4
12648,6803.54
12649,4908.77
12650,5329.11
12651,12051.92
12652,8810.29
12653,6192.0
12654,12065.0
12655,6835.08
12656,13199.95
12657,3624.55
12658,13851.556666666665
12659,5496.11
12660,4837.6
12661,11597.18
12662,9628.85
12663,23115.93
12664,10626.12
12665,4264.96
12666,14772.38
12667,4391.223
12668,14332.46
12669,9867.28
12670,5313.88
12671,7608.445
12672,7831.281333333333
12673,7229.0
12674,9759.22
12675,4357.494166666667
12676,14289.1675
12677,9169.17
12678,10505.92
12679,4820.8
12680,10977.98
12681,5034.84
12682,8750.79
12683,4043.9
12684,7851.5825
12685,13187.67
12686,5926.79
12687,3900.8779999999992
12688,4568.73
12689,10077.0
12690,13109.636999999999
12691,12076.49
12692,10914.97
12693,10701.6
12694,6873.93
12695,7977.84
12696,4889.81
12697,6529.87
12698,17160.19
12699,4549.6
12700,4817.99
12701,10174.65
12702,6744.69
12703,8778.36
12704,12173.78
12705,3100.75
12706,3835.8
12707,9762.433833333333
12708,3860.38
12709,6029.23
12710,6190.41
12711,4676.4
12712,12259.985
12713,4203.56
12714,4836.15
12715,6362.98
12716,14518.26
12717,6266.12
12718,4312.78
12719,6256.93
12720,6253.4
12721,7236.87
12722,11912.89
12723,10257.44
12724,6029.0
12725,11436.481666666667
12726,10797.78
12727,13150.11
12728,8339.5
12729,13906.44
12730,8016.0
12731,10293.98
12732,7153.75
12733,3853.89
12734,3602.24
12735,8219.75
12736,16736.0
12737,4751.7
12738,10394.3
12739,6686.92
12740,8448.824761904762
12741,1986.32
12742,13472.44
12743,14326.1
12744,13007.17
12745,2288.5
12746,4622.457
12747,8136.228916666667
12748,10499.823333333332
12749,8471.94
12750,4763.66
12751,4995.0
12752,11945.92
12753,4744.24
12754,7121.22
12755,12908.48
12756,5791.31
12757,4823.0
12758,6891.19
12759,4204.35
12760,10957.23
12761,6389.83
12762,7229.0
12763,9451.13
12764,8787.87
12765,10536.13
12766,12267.25
12767,7428.74
12768,17355.36
12769,15875.298333333332
12770,10852.83
12771,9567.28
12772,3841.0
12773,13375.476666666666
12774,5897.1
12775,6315.74
12776,10043.84
12777,3546.16
12778,10873.82
12779,27765.24
12780,4668.01
12781,9009.13
12782,10970.42
12783,11031.33
12784,12453.14
12785,8016.0
12786,7680.74
12787,5615.49
12788,7236.87
12789,6906.96
12790,4052.7
12791,2384.86
12792,9353.6
12793,9608.38
12794,6615.86
12795,5894.97
12796,12012.756666666664
12797,10183.15
12798,9862.09
12799,12182.06
12800,13361.71
12801,5164.48
12802,17366.605
12803,10527.88
12804,8723.47
12805,4721.84
12806,8673.487166666668
12807,4475.64
12808,15129.0
12809,13556.87
12810,5245.39
12811,7244.98
12812,2847.03
12813,4808.2
12814,10832.19
12815,7889.170833333333
12816,5639.98
12817,4637.06
12818,10476.13
12819,7607.31
12820,4005.75
12821,5513.79
12822,15225.35
12823,13788.49
12824,2147.12
12825,4835.47
12826,4307.86
12827,10302.17
12828,9065.78
12829,3602.81
12830,6125.68
12831,9989.11
12832,7473.96
12833,4212.28
12834,9868.49
12835,4917.65
12836,2032.78
12837,6967.880000000001
12838,14502.58
12839,14369.75
12840,14031.22
12841,19533.33
12842,6974.624
12843,5251.41
12844,8927.06
12845,5600.06
12846,10676.6
12847,11934.709666666668
12848,7966.4
12849,8158.95
12850,10402.66
12851,7146.17
12852,2148.8
12853,8701.661
12854,14957.84
12855,4438.46
12856,11732.97
12857,5576.31
12858,14335.76
12859,9108.97
12860,14574.82
12861,4806.35
12862,6520.26
12863,4857.92
12864,12414.104666666668
12865,13978.95
12866,10302.35
12867,7946.758000000001
12868,9411.06
12869,7220.47
12870,10262.0
12871,13985.04
12872,13513.18
12873,6621.77
12874,4147.41
12875,7119.69
12876,8287.4
12877,11087.823333333336
12878,18991.2225
12879,14779.82
12880,3992.25
12881,5940.665
12882,2598.34
12883,10733.65
12884,10281.95
12885,13637.49
12886,11539.35
12887,12881.72
12888,7512.29
12889,4178.34
12890,17877.37
12891,5024.53
12892,9708.89
12893,3683.46
12894,10459.22
12895,12195.33
12896,7330.15
12897,10265.15
12898,6528.72
12899,12461.39
12900,3841.32
12901,6877.17
12902,10579.77
12903,9672.34
12904,11392.800476190476
12905,10729.46
12906,10673.89
12907,3953.51
12908,6436.96
12909,10269.39
12910,6933.6
12911,7568.746666666668
12912,13285.82
12913,7689.86
12914,11770.58
12915,12184.845
12916,4358.44
12917,9198.03
12918,9635.21
12919,11878.31
12920,15681.75
12921,3537.28
12922,7418.48
12923,5420.23
12924,8565.4
12925,13022.89
12926,4671.22
12927,2017.0
12928,10708.09
12929,10652.502
12930,3958.37
12931,10518.75
12932,3716.27
12933,5312.06
12934,13013.196666666667
12935,7647.855
12936,10201.37
12937,5524.13
12938,3576.09
12939,7113.24
12940,14820.73
12941,9876.63
12942,13025.12
12943,5743.4
12944,15514.4125
12945,1976.04
12946,10264.78
12947,13191.77
12948,9728.23
12949,3596.46
12950,9995.75
12951,8016.24
12952,4247.34
12953,10191.17
12954,5527.52
12955,13143.144238095238
12956,15144.75
12957,10549.55
12958,14550.09
12959,14214.55
12960,4833.02
12961,13420.57
12962,4681.9
12963,4412.93
12964,8394.744166666667
12965,12946.96
12966,7492.86
12967,12454.14
12968,12327.02
12969,14841.25
12970,3937.9
12971,6753.658333333333
12972,7707.51
12973,12860.57
12974,9053.525
12975,5453.83788095238
12976,10721.53
12977,13765.0
12978,7945.89
12979,10293.91
12980,7832.0
12981,17247.35
12982,9247.01
12983,10995.873750000004
12984,10542.523333333333
12985,8646.23
12986,8021.25
12987,11388.91
12988,3472.34
12989,7343.58
12990,8585.33
12991,11451.25
12992,7053.95
12993,9353.6
12994,2815.0
12995,14606.97
12996,8359.46
12997,12983.2
12998,12143.05
12999,4340.92
13000,3643.04
13001,6622.49
13002,6446.64
13003,6632.96
13004,8977.52
13005,5591.83
13006,13490.62
13007,10513.87
13008,5334.15
13009,12560.62025
13010,25271.95
13011,13392.38
13012,4209.73
13013,8092.665
13014,12663.22
13015,12748.28
13016,5151.924
13017,8911.98
13018,6817.02
13019,10435.26
13020,10290.51
13021,3937.19
13022,17233.39
13023,8851.87
13024,17163.15
13025,12212.055
13026,2081.91
13027,9377.378333333334
13028,5061.75
13029,11968.553333333335
13030,8684.66
13031,9486.37
13032,12123.013619047617
13033,11271.38
13034,10262.0
13035,6407.33
13036,4613.72
13037,13593.02
13038,8762.22
13039,3656.5
13040,2956.83
13041,19225.0
13042,21508.2
13043,15786.0
13044,4344.44
13045,9922.51
13046,8731.92
13047,4296.94
13048,13635.0
13049,12663.11
13050,13624.87
13051,11982.0
13052,4736.42
13053,4615.68
13054,5928.2175
13055,10270.45
13056,13458.43
13057,13705.27
13058,7074.27
13059,12576.38
13060,7110.38
13061,5755.11
13062,14377.9925
13063,3869.39
13064,3983.01
13065,3680.85
13066,5730.495500000001
13067,4390.85
13068,10143.91
13069,10169.15
13070,2875.59
13071,14077.95
13072,14272.48
13073,8869.42
13074,13872.91
13075,10137.28
13076,10398.989999999998
13077,16704.19
13078,13273.3
13079,5390.935
13080,9548.78
13081,2659.36
13082,7141.875
13083,13705.483333333332
13084,7414.323333333333
13085,11860.7
13086,4827.05
13087,17013.728333333333
13088,2057.21
13089,10422.36
13090,13373.19
13091,9215.76
13092,7897.1
13093,7089.26
13094,4058.05
13095,9102.11
13096,2107.92
13097,5555.11
13098,4876.67
13099,14115.195
13100,4226.83
13101,10453.205
13102,5361.05
13103,14083.67
13104,4395.25
13105,14356.65
13106,4748.95
13107,9808.0525
13108,7467.38
13109,13258.15
13110,3606.42
13111,10279.86
13112,10267.3
13113,6555.0
13114,10933.2
13115,8728.35
13116,10611.0
13117,6377.017333333334
13118,20662.29
13119,2953.58
13120,11683.63
13121,27958.94
13122,3999.56
13123,12161.33
13124,6249.54
13125,10448.97
13126,4144.21
13127,13771.01
13128,7898.42
13129,3436.0
13130,3602.37
13131,7291.32
13132,5385.21
13133,8645.06
13134,8548.136666666669
13135,7229.0
13136,12023.47
13137,4497.94
13138,17111.92
13139,6342.4
13140,8016.24
13141,10413.535
13142,4096.06
13143,9006.39
13144,6863.63
13145,15504.8
13146,15624.02
13147,14818.64
13148,4533.79
13149,10370.1
13150,3720.85
13151,5098.57
13152,8003.71
13153,14846.94
13154,12991.62
13155,8490.53
13156,12998.74
13157,4191.92
13158,8994.05
13159,14791.89
13160,3117.25
13161,13557.3
13162,9521.31
13163,10999.89
13164,4617.54
13165,4839.25
13166,3117.07
13167,10737.414166666666
13168,6765.98
13169,13023.85
13170,17816.59
13171,15050.9
13172,7375.13
13173,19349.04
13174,10444.21
13175,15061.41
13176,8034.73
13177,12636.72
13178,3876.54
13179,15293.486666666666
13180,3901.99
13181,14876.97
13182,7769.3533333333335
13183,4742.87
13184,2258.83
13185,4926.39
13186,9084.14
13187,3575.32
13188,2231.2
13189,5796.79
13190,8591.15
13191,13967.24
13192,10514.565
13193,9162.71
13194,10658.12
13195,5377.47
13196,16504.66
13197,3689.98
13198,7857.21
13199,14883.1
13200,4937.38
13201,6484.33
13202,15906.51
13203,6398.915
13204,10616.9
13205,3841.32
13206,7991.75
13207,12897.06
13208,6903.24
13209,2271.1
13210,12995.78
13211,4214.13
13212,11861.2
13213,10092.053333333333
13214,15957.175833333335
13215,3005.5
13216,10498.35
13217,4979.57
13218,6287.95
13219,10377.4
13220,12633.740500000004
13221,12780.94
13222,4667.0
13223,14313.3
13224,6679.56
13225,6393.38
13226,4130.02
13227,3686.07
13228,10813.13
13229,5483.3595
13230,9989.839666666667
13231,3597.0
13232,15076.35
13233,5569.91
13234,5167.39
13235,7229.0
13236,13228.719698412699
13237,3682.14
13238,3153.25
13239,10030.05
13240,4456.77
13241,7984.59
13242,2122.28
13243,12051.0775
13244,10176.13
13245,10286.33
13246,10246.71
13247,18741.42
13248,7229.0
13249,4818.68
13250,3105.9
13251,12495.35
13252,20130.1
13253,3132.34
13254,11861.93
13255,4311.123333333333
13256,8587.97
13257,16150.53
13258,14699.78
13259,4273.26
13260,13114.99
13261,12378.08
13262,5738.83
13263,4858.6
13264,26682.1
13265,11561.78
13266,7278.998333333334
13267,4362.76
13268,15628.4925
13269,14753.35
13270,7811.9025
13271,5358.765
13272,12861.43
13273,4727.55
13274,6438.51
13275,14476.45
13276,11484.52
13277,9920.37
13278,3842.28
13279,5639.285333333333
13280,3903.82
13281,14774.98
13282,7567.7
13283,8531.68
13284,6552.445
13285,12973.24
13286,8018.64
13287,9094.04
13288,6713.55
13289,14647.89
13290,16547.11
13291,5098.5
13292,2024.37
13293,3552.48
13294,7903.25
13295,16972.98
13296,3855.83
13297,4129.76
13298,16073.89
13299,3713.13
13300,8554.770833333332
13301,13642.04
13302,8773.13
13303,14753.7
13304,7229.0
13305,4863.44
13306,8046.31
13307,3705.18
13308,5746.34
13309,6642.79
13310,14344.288333333336
13311,7616.86
13312,4798.42
13313,7293.78
13314,14590.23
13315,4398.9
13316,5064.98
13317,6306.41
13318,9600.36
13319,27694.88
13320,7229.0
13321,9660.81
13322,10254.61
13323,3975.55
13324,13659.75
13325,12922.19
13326,8831.52
13327,11036.28
13328,9215.67
13329,15634.2375
13330,12967.49
13331,5762.04
13332,3511.72
13333,11837.15
13334,12465.33
13335,13817.0
13336,10741.23
13337,15468.9525
13338,6424.99
13339,9408.38
13340,8633.03
13341,10258.43
13342,13270.08
13343,8635.88
13344,10903.9
13345,3178.1
13346,6382.84
13347,8481.34
13348,1971.82
13349,10390.106666666667
13350,4932.87
13351,15652.99
13352,12591.765
13353,7899.7
